Step,Value
175,0.98762095
350,0.857976973
525,0.799730003
700,0.773334086
875,0.748296797
1050,0.729291618
1225,0.717208207
1400,0.738746285
1575,0.732961655
1750,0.729063749
