Epoch,Value
1,0.98762095
1.99,0.857976973
2.99,0.799730003
3.98,0.773334086
4.98,0.748296797
5.97,0.729291618
6.97,0.717208207
7.96,0.738746285
8.96,0.732961655
9.95,0.729063749
